"What is your request ?","Quelle est votre demande?"
"Contact information","Informations de contact"
"Subscribe our newsletter","Vous souhaitez vous abonner à la newsletter"
"Your account","Votre compte"
"News","Actualités"
"filename","Nom du fichier"
"customer","Client"
"title","Titre"
"year","Année"
"publisher","Publication"
"manufacturer","Fabricant"
"author","Auteur"
"height","Hauteur"
"width","Largeur"
"number","Numéro"
"created_at","Date de création"
"Add new certificate","Ajouter un nouveau certificat"
"Subligraphy","Subligraphie"
"My subligraphy certificates","Mes certificats Subligraphie &reg;"
"Max copy count","Nombre max de copies"
"Current certificate number","Numéro de certificat"
"My account","Mon compte"
"Connect my account","Se connecter"
"Create new Subligraphy certificate","Créer un nouveau certificat Subligraphie &reg;"
"Artwork creation year (1839-'%1')","Annnée de création de l'oeuvre (1839-'%1')"
"Image (jpeg or pdf)","Image (jpeg ou pdf)"
"Publisher","Editeur"
"Certificate no","Certificat numéro"
"Manufacturer","Fabricant"
"Printing width (cm)","Largeur du tirage (cm)"
"Printing height (cm)","Hauteur du tirage (cm)"
"Number of copies (maximum 30)","Nombre d'exemplaires (maximum 30)"
"Attach a file","Choisir un fichier"
"Accepted formats .jpg .jpeg max %1MB","Formats acceptés .jpg .jpeg max %1MB"
"New deals, good deals, discounts, stay connected: subscribe our newsletter","Nouveautés, bons plans, promos, pour ne rien manquer, abonnez-vous à notre newsletter"
"Certificate has been generated and saved.","Le certificat a été généré et enregistré."
"Enter the title and try again.","Merci de saisir un titre"
"Enter the author and try again.","Merci de saisir un auteur"
"Enter the manufacturer and try again.","Merci de saisir un fabricant"
"Enter the publisher and try again.","Merci de saisir un éditeur"
"Enter the width and try again.","Merci de saisir une largeur en cm"
"Enter the height and try again.","Merci de saisir une hauteur en cm"
"Enter number of copies and try again.","Merci de saisir un nombre de copies autorisées"
"Enter number of copies between 1 and '%1'","Merci de saisir un nombre de copies entre 1 et '%1'"
"Select image of product.","Merci de sélectionner une image au format .jpg/.jpeg"
"Certificate number","Numéro du certificat"
"Check Subligraphy certificate","Contrôle de certificat d'authenticité Subligraphie &reg;"
"This page allows to control the validity of a Subligraphy &reg; certificate reference.","Cette page vous permet de contrôler la validité d'un numéro de certificat d'authenticité Subligraphie &reg;"
"Printing of this artwork is limited to %1 copies. It has been recorded with id %2, on %3.","Le tirage de cette oeuvre est limité à %1 exemplaires et a été enregistré sous l'identifiant %2, le %3."
"It has been made by %1 on aluminum plate ChromaLuxe&reg; and published by %2.","Il a été réalisé par %1 sur plaque d'aluminium ChromaLuxe &reg; et édité par %2."
"This certificate is not valid.","Ce certificat n'est pas valide."
"This certificate is valid.","Ce certificat est valide."
"Product Attachments","Documentation(s)"
"Authenticity certificate","Certificat d'authenticité"
"Printing and certificate are verified under logotype Subligraphie® and are referenced under id","Le tirage et le certificat de cette oeuvre sont certifiés par le logotype Subligraphie® et portent l'identifiant"
"This printing is number %1 on limited production of %2.","Ce tirage est le numéro %1 d'une série limitée de %2."
"It has been made by %1 on ChromaLuxe® aluminium plate.","Il a été réalisé par %1 sur plaque aluminium ChromaLuxe®."
"Made in Paris, on %1.","Fait à Paris, le %1."
"Control authenticity on this link","Adresse de contrôle de validité"
"This certificate is not accessible","Ce certificat n'est pas accessible"
"End of discount","Fin de la promo dans"
"You added %1 to your quote cart.","Vous avez ajouté %1 à votre panier devis"
"Quote Cart","Demande de devis"
"Add note","Ajouter un commentaire"
"Clear Quote","Retirer tous les articles"
"Update Quote","Mettre à jour les quantités"
"Quote Summary","Détail du devis"
"Remarks","Commentaires"
"Сustomer Remarks:","Vos commentaires:"
"Submit Quote","Valider ma demande de devis"
"Add Note","Ajout d'une note"
"Your quote request has been received!","Votre demande de devis à bien été envoyée"
"Thank you for your interest!","Nous allons revenir vers vous prochainement"
"We'll email you a Quote Request confirmation email with a link to track progress.","Vous allez recevoir sous peu une confirmation par email"
"Your Quote Request # is: <span>%1</span>.","Votre demande de devis porte le numéro : <span>%1</span>."
" Please, describe the issue in details."," Décrivez votre problème ici."
"Please choose","Choisir"
"Your Quote Request # is: %1.","Votre demande de devis porte le numéro : %1"
"Quote #","N° de demande"
"Quote Total","Montant"
"Expiry Date","Date d’expiration"
"Creation Date:","Date de la demande:"
"Expiry Date:","Date d'expiration"
"SKU","Référence"
"Original Price","Prix public"
"Approved Price","Nouveau prix"
"Discount Amount","Remise"
"Subtotal","Total"
"Enter your details","Remarques"
"manager sent new message","nouveau message du gestionnaire de retour"
"To see new messages","Pour voir les nouveaux messages"
"Regular Price","Prix public"
"You have no items in your quote cart.","Vous n'avez pas d'article dans votre demande de devis."
"discounted used product(s) available","produit(s) d'occasion disponible(s)"
"The requested product is no more available. This is an alternative product.","Le produit demandé n'est plus disponible à la vente ! Retrouvez ici des articles similaires."
"Substitutes products","Produits de remplacement"
"Below products are technically equivalents to initial product","Les produits ci-dessous sont techniquement équivalents au produit initial"
"More from this Brand (%1)","Plus de produits de la marque (%1)"
"No description available","Pas de description disponible"
"You have placed no quotes.","Vous n'avez pas demandé de devis."
"Requested Price","Prix demandé"
"Move to Cart","Voir le panier"
"Move to Shopping Cart","Voir le panier d'achat"
"Move to Checkout","Passer la commande"
"Administrator Note:","Note du vendeur:"
"Administrator Remarks:","Commentaires vendeur:"
"Available within %1 day(s)","Disponible sous %1 jour(s)"
"Please, mind that only logged in users can submit questions","Seulement les clients connectés peuvent poser des questions"
"Product Questions","Questions sur le produit"
"No Questions","Pas encore de question"
"Customer Questions","Faq"
"Did you find what you were looking for?","Vous avez trouvé ce que vous cherchiez ?"
"Ask a Question","Poser une question"
"Your question:","Votre question :"
"Type your question here...","Saisir votre question ici..."
"Send the Question","Envoyer la question"
"Hide form","Cacher le formulaire"
"get notification on email when the answer is ready","être notifié par email"
"Your name:","Votre nom :"
"Your e-mail:","Votre e-mail :"
"Please log in to ask a question.","Connectez vous pour poser une question."
"The question was sent. We'll notify you about the answer via email.","La question a été envoyée. Vous serez notifié par email."
"The question was sent.","La question a été envoyée."
"Are you interested in %1 ?","Vous êtes intéressé par %1 ?"
"This product is visible in our showroom. Please, ask for a demo via our contact form.","Ce produit est dans notre showroom, n'hésitez pas à faire une demande de contact pour assister à une démonstration."
"Shop By","Vous filtrez par"
"Read More","Voir la réponse complète"
"Was this answer helpful?","Cette réponse vous-a elle été utile ?"
"Back to Product","Revenir au produit"
"Find answer (deliver, etc.)","Que recherchez vous ?"
"Search results for ""%1"":","Résultat pour ""%1"" :"
"Case sensible","Sensible à la casse"
"Add new Definition","Ajouter une definition"
"Save Definition","Sauvegarder la definition"
"Glossary","Glossaire"
"%1 : Definition","%1 : Définition sur Graphic Réseau"
"Back to glossary index","Retour à l'index du glossaire"
"There are no definition available yet","Aucune définition disponible pour le moment"
"%1 expressions found","%1 expressions trouvées"
"all","tout"
"Search all product pages containing this expression","Rechercher toutes les fiches produits contenant cette expression"
"Unknown lead time","Délai d'approvisionnement inconnu"
"Our Review","Notre avis"
"Grade","Note"
"Print Product","Télécharger la fiche produit en pdf"
"360 Viewer","Visualisation 360"
"Drag product to see 360 model","Faites tourner le produit"
"Hot Searches","Recherche rapide"
"1 Column","1 Colonne"
"2 Columns","2 Colonnes"
"Show all %1 results →","Voir les %1 resultats →"
"Sorry, nothing has been found for ""%1"".","Désolé, nous n'avons rien trouvé pour ""%1""."
"Are you a student?","Êtes-vous étudiant ?"
"We need to validate that you are a student before you can benefit of discounts","Nous devons valider que vous êtes bien étudiant avant que vous bénéficiez des promotions"
"Please upload justification for your student status","Merci d'uploader votre jutificatif de status"
"Formats accepted %1 max %2MB","Sont acceptés les formats : %1 maximum %2Mo"
"If you are a student you can benefit special discount.","Si vous êtes étudiant vous pouvez bénéficiez de promotions spéciales"
"Upload your justification in your account","Uploader votre justificatif dans votre espace client"
"Your request has been send and will be processed as soon as possible","Votre demande a bien été envoyé et sera traitée dans les plus bref délais"
"Shipment Comments","Commentaires sur la livraison"
"Customer comment on shipping","Commentaires du client"
"Professionnal account paiement","Paiement en compte professionnel"
"form :","à partir du :"
"Estimated Shipping Date","Date de livraison estimée"
"Some shipping methods are not available because they consider one or few ordered products as dangerous.","Certains transporteurs n'apparaissent pas dans la liste suivante car ils considèrent un ou plusieurs produits de votre panier comme étant potentiellement dangeraux (substances inflammables, aérosols, etc.), et n'en n'assurent donc pas la prise en charge."
"My Returns Requests","Mes demandes de retour"
"You have placed no return request.","Aucune demande en cours"
"Create new return request","Créer une nouvelle demande de retour"
"Shipped today and delivered home %1 by Chronopost if order before %2H00","Expédié aujourd’hui et livré chez vous %1 par Chronopost si vous commandez avant %2H00"
"Delivered home %1 by Chronopost if order before %2 %3H00","Livré chez vous %1 par Chronopost si vous commandez avant %2 %3H00"
"tomorrow","demain"
"Monday","lundi"
"Tuesday","mardi"
"Wednesday","mercredi"
"Thursday","jeudi"
"Friday","vendredi"
"Saturday","samedi"
"Sunday","dimanche"
"Affiliate Program","Programme d'affiliation"
"To take part in our affiliate marketing program, please read our <a href=""{static_link_url}"" target=""_blank"">Terms & Conditions</a> and answer a couple of questions below.","Pour participer à notre programme de marketing d'affiliation, veuillez lire nos <a href=""{static_link_url}"" target=""_blank"">Termes et conditions</a> et répondre à quelques questions ci-dessous"
"Enter referral website (or specify any primary traffic source)","Entrez le site Web de référence (ou indiquez toute source primaire de trafic)"
"In this field specify any valuable information about your resource.","Dans ce champ, indiquez toute information utile sur votre ressource.", "Dans ce champ, indiquez toute information utile sur votre ressource"
"The info you specify will significantly shorten the review process. Briefly describe the specifics of your resource, the products you are planning to promote, total unique visitors, and any other info you think might be relevant.","Les informations que vous spécifiez raccourciront considérablement le processus d'examen. Décrivez brièvement les spécificités de votre ressource, les produits que vous prévoyez de promouvoir, le nombre total de visiteurs uniques et toute autre information que vous jugez pertinente."
"I agree to Terms & conditions","J'accepte les termes et conditions"
"Your request has been registered. We'll review it in 2-3 business days and notify you about our decision via email. Thanks for your patience.","Votre demande a été enregistrée. Nous l'examinerons dans 2 ou 3 jours ouvrables et vous informerons de notre décision par e-mail. Merci de votre patience."
"The first step is complete! Now, please submit payment details so we could transfer payments to you.","La première étape est terminée ! Maintenant, veuillez soumettre les détails du paiement afin que nous puissions vous transférer les paiements."
"For more information about affiliate program please go to <a href=""{static_link_url}"" target=""_blank"">Terms & Conditions</a> page.","Pour plus d'informations sur le programme d'affiliation, veuillez consulter la page <a href=""{static_link_url}" target=""_blank"">Terms & Conditions</a>."
"Referral website (primary traffic source)","Site Web de référence (source primaire de trafic)"
"Please specify personal payment info, which we could use for payout: PayPal email or any e-wallet payment details.","Veuillez indiquer les informations de paiement personnelles, que nous pourrions utiliser pour le paiement : un email de PayPal ou les détails de paiement de tout porte-monnaie électronique."
"Payouts","Paiements"
"Provide any alphanumeric combination as a unique code prefix to be used in coupon codes. Once the code prefix is saved, it can't be changed.<br /> Example: <b>ABC10</b> - Unique ID;  <b>SHOES15OFF</b> - coupon code template;  Generated coupon: <b>ABC10-SHOES15OFF</b>","Fournissez toute combinaison alphanumérique comme préfixe de code unique à utiliser dans les codes de coupon. Une fois que le préfixe de code est enregistré, il ne peut pas être modifié.<br /> Exemple : <b>ABC10</b> - ID unique ; <b>SHOES15OFF</b> - modèle de code de coupon ; Coupon généré : <b>ABC10-SHOES15OFF</b>"
"Save my ID","Enregistrer mon ID"
"Campaign","Campagne"
"Link Action","Action de lien"
"Coupon Action","Action de coupon"
"To save your time and effort that you would spend searching for products suitable for promotion on your resource, we've gathered our top picks in one place. Check out the list of recommended products to find the ones that work best for you.","Pour économiser le temps et les efforts que vous consacrez à la recherche de produits adaptés à la promotion de votre ressource, nous avons rassemblé nos meilleurs choix en un seul endroit. Consultez la liste des produits recommandés pour trouver ceux qui vous conviennent le mieux."
"Select Campaign","Sélectionner une campagne"
"No recommendations have been selected for this campaign. To get a list of recommended products, please select another campaign.","Aucune recommandation n'a été sélectionnée pour cette campagne. Pour obtenir une liste de produits recommandés, veuillez sélectionner une autre campagne."
"Performance by Link","Performance par lien"
"Performance by Coupon","Performance par coupon"
"Traffic source","Source de trafic"
"Buyers","Acheteurs"
"Earned Commissions","Commissions gagnées"
"Total № of Uses","Total № des utilisations"
"Bound Customers","Clients liés"
"Bound Customer","Client lié"
"Available Commissions","Commissions disponibles"
"Paid Commissions","Commissions payées"
"Processed for Payout","Traité pour le paiement"
"Pending Commissions","Commissions en attente"
"Qty of Ordered Items","Qté d'articles commandés"
"Commission Amount","Montant de la commission"
"Commission Registration Date","Date d'enregistrement de la commission"
"Commission Availability Date","Date de disponibilité de la commission"
"Payment History","Historique de paiement"
"Payout ID","Id Paiement"
"Transaction ID","Id Transaction"
"Products from the same brand","Produits de la même marque"
"Item Returns","Politique de retour"
"This item can be returned","Ce produit ne peut pas être retourné"
"Loyalty Program","Programme Fidélité"
"You are with us for <b>%1</b> days","Vous êtes avec nous depuis <b>%1</b> jours"
"Average order value is <b>%1</b>","Valeur moyenne de vos commandes: <b>%1</b>"
"Number of completed orders is <b>%1</b>","Nombre de commandes complétées:  <b>%1</b>"
"Order amount is <b>%1</b>","Total de commandes: <b>%1</b>"
"This Month:","Ce mois-ci:"
"Last Month:","Mois dernier:"
"Number of completed orders was <b>%1</b>","Nombre de commandes complétées: <b>%1</b>"
"Average order value was <b>%1</b>","Valeur moyenne: <b>%1</b>"
"Order amount was <b>%1</b>","Total commandé: <b>%1</b>"
"Delete","Effacer"
"Are you sure you want to do this?","Etes-vous sûr de vouloir faire ça?"
"Back","Retour"
"This will create an offline refund. To create an online refund, open an invoice and create credit memo for it. Do you want to continue?","Cela va créer un remboursement hors ligne. Pour créer un remboursement en ligne, ouvrez une facture et créez une demande. Voulez-vous continuer?"
"Credit Memo","Note de crédit"
"History","Historique"
"New Order","Nouvelle commande"
"Conditions","Conditions"
"RMA","RMA"
"Carrier Code","Code de transporteur"
"Carrier Label","Étiquette porteuse"
"Add","Ajouter"
"Code","Code"
"Label","Étiqueter"
"Quick Reply","Réponse rapide"
"My Returns","Mes retours"
"Return Requests","Demandes de retour"
"Return Request successfully closed.","Demande de retour fermée avec succès."
"My Returns Requests","Mes demandes de retour"
"Order is not set","Commande non initialisée"
"Wrong Order","Mauvais ordre"
"New Return for Order #%1","Nouveau retour commande #%1"
"Items were not selected"",""Articles ont pas été sélectionnés"
"You didn't agree to Privacy policy","Vous n'avez pas accepté la politique de confidentialité"
"Request Id is not set","Demande Id est pas défini"
"Request not longer exists","Demande n'existe plus"
"Return #%1","Retour #%1"
"Files %1 have exceeded the maximum file size limit of %2 KB.","Les fichiers %1 ont dépassé la limite de taille maximale de %2 KB."
"The condition has been deleted.","L'état a été supprimé."
"Can't delete condition right now. Please review the log and try again.","Impossible de supprimer l'état, merci de consulter le journal et essayez à nouveau."
"Can't find a condition to delete.","Vous ne trouvez pas l'état à supprimer."
"Edit Condition","Modifier cet état"
"This condition no longer exists.","Cet état n'existe plus."
"New Condition","Nouvel état"
"Item Conditions","Etat de l'article"
"Manage Item Conditions","Gérer états d'article"
"Error occurred while deleting condition with ID %1. Error: %2","Une erreur est survenue lors de la suppression d'état ID %1. Erreur: %2"
"%1 condition(s) has been successfully deleted","%1 condition(s) a été supprimé avec succès"
"%1 condition(s) has been failed to delete","%1 condition(s) erreur de suppression"
"You saved the item.","Vous avez enregistré l'élément."
"The reason has been deleted.","La raison a été supprimée."
"Can't delete reason right now. Please review the log and try again.","Impossible de supprimer. Veuillez consulter le journal et essayez à nouveau."
"Can't find a reason to delete.","Vous ne trouvez pas une raison de supprimer."
"Edit Reason","Modifier Raison"
"This reason no longer exists.","Cette raison n'existe plus."
"New Reason","Nouvelle Raison"
"Return Reasons","Raisons de retour"
"Manage Return Reasons","Gérer raisons de retour"
"Error occurred while deleting reason with ID %1. Error: %2","Une erreur est survenue lors de la suppression ID %1. Erreur: %2"
""%1 reason(s) has been successfully deleted","%1 motif (s) a été supprimé avec succès"
""%1 reason(s) has been failed to delete","%1 raison (s) erreur de suppression"
"Error occurred while deleting Request with ID %1. Error: %2","Une erreur est survenue lors de la suppression ID %1. Erreur: %2"
""%1 request(s) has been successfully deleted","%1 demande(s) a été supprimé avec succès"
""%1 request(s) has been failed to delete","%1 demande(s) erreur de suppression"
"Archived Requests","Demandes archivées"
"New Return","Gouveau retour"
"Manage Requests","Gérer les demandes"
"Customers' Pending Requests","Dans l'attente des demandes de clients"
"You saved the return request.","Vous avez sauvé la demande de retour."
"The return request has been moved to %1 grid.","La demande de retour a été déplacée vers la grille %1."
"Wrong Request Qty","Mauvaise Qté demandée"
"View Return Request","Voir demande de retour"
"This request is no longer exists.","Cette demande n'est plus existe."
"The resolution has been deleted.","La résolution a été supprimée."
"Can't delete resolution right now. Please review the log and try again.","Impossible de supprimer la résolution en ce moment. S'il vous plaît consulter le journal et essayez à nouveau."
"Can't find a resolution to delete.","Impossible de trouver la résolution."
"Edit Resolution","Modifier la résolution"
"This resolution no longer exists.","Cette résolution n'existe plus."
"New Resolution","Nouvelle résolution"
"Return Resolutions","Résolutions"
"Manage Return Resolutions","Gérer les résolutions"
"Error occurred while deleting resolution with ID %1. Error: %2","Une erreur est survenue lors de la suppression résolution avec ID %1. Erreur: %2"
""%1 resolution(s) has been successfully deleted","%1 Résolution(s) a été supprimé avec succès"
""%1 resolution(s) has been failed to delete","%1 résolution(s) erreur de suppression"
"The rule has been deleted.","La règle a été supprimée."
"Can't delete rule right now. Please review the log and try again.","Impossible de supprimer la règle en ce moment. S'il vous plaît consulter le journal et essayez à nouveau."
"Can't find a rule to delete.","Impossible de trouver la règle à supprimer."
"New Return Rule","Nouvelle règle Retour"
"Edit Return Rule %1","Modifier Retour Règle %1"
"This rule no longer exists.","Cette règle n'existe plus."
"Return Rules","Règles de retour"
"Error occurred while deleting rule with ID %1. Error: %2","Une erreur est survenue lors de la suppression règle avec ID %1. Erreur: %2"
"%1 rule(s) has been successfully deleted","%1 règle(s) a été supprimé avec succès"
"%1 rule(s) has been failed to delete","%1 règle(s) erreur de suppression"
"Something went wrong while saving the rule data. Please review the error log.","Quelque chose a mal tourné lors de l'enregistrement des données de règle. S'il vous plaît consulter le journal des erreurs."
"The rule is saved.","La règle est enregistrée."
"The status has been deleted.","Le statut a été supprimé."
"Can't delete status right now. Please review the log and try again.","Impossible de supprimer le statut en ce moment. S'il vous plaît consulter le journal et essayez à nouveau."
"Can't find a status to delete.","Vous ne trouvez pas un statut à supprimer."
"Edit Status","Modifier l'état"
"This status no longer exists.","Ce statut n'existe plus."
"New Status","nouveau statut"
"RMA Statuses","RMA Statuses"
"You don't have `Initial Status`. Please Create/Enable It.","Vous n'avez pas `initiale status`. S'il vous plaît Créer / activer."
"State `%1` has no active statuses.","État ` %1` n'a pas les statuts actifs."
"Customer couldn't Cancel RMA because there is no active status in state `Cancel` with automatically set status on event `Customer Canceled RMA`. Please Create/Enable it.","Le client ne pourrait Annuler RMA parce qu'il n'y a pas de statut actif dans l'état `Cancel` avec le statut automatiquement sur événement` client Annulée RMA`. S'il vous plaît Créer / activer."
"Error occurred while deleting status with ID %1. Error: %2","Une erreur est survenue alors que l'état avec suppression ID %1. Erreur: %2"
"%1 status(es) has been successfully deleted"," %1 statut(s) a été supprimé avec succès"
"%1 status(es) has been failed to delete"," %1 état(s) erreur de suppression"
"RMA: Unable to autologin a customer. Error is: %1","RMA: Impossible de autologin un client. L'erreur est: %1"
"RMA Login","RMA Connexion"
"Order not found","Pour ne pas trouvé"
"Request is not set","Demande n'est pas réglé"
"""Message with specified ID ""%1"" not found."",""Message avec ID spécifié "" %1"" non trouvé.""
"Unable to remove message with ID %1. Error: %2","Impossible de supprimer le message avec ID %1. Erreur: %2"
"Unable to remove message. Error: %1","Impossible de supprimer le message. Erreur: %1"
"Unable to save new reason. Error: %1","Impossible d'enregistrer une nouvelle raison. Erreur: %1"
"A 'Title' will be displayed to store admins in the backend while a 'Label' will be displayed to customers on the frontend","A « titre » sera affiché pour stocker les admins dans le back-end tout en un « label » sera affiché aux clients sur le frontend"
"Condition with specified ID %1 not found.","Etat avec ID %1 non trouvé.""
"Unable to save condition with ID %1. Error: %2","Impossible d'enregistrer l'état avec ID %1. Erreur: %2"
"Unable to save new condition. Error: %1","Impossible d'enregistrer l'état neuf. Erreur: %1"
"Unable to remove condition with ID %1. Error: %2","Impossible de supprimer la condition avec ID %1. Erreur: %2"
"Unable to remove rule. Error: %1","Impossible de supprimer la règle. Erreur: %1"
"%1 %2 created new RMA","%1 %2 créé une nouvelle RMA"
"Status automatically changed from %3 to %4","Statut changé automatiquement de %3 à %4"
"%1 %2 added chat message","%1 %2 ajouté un message dans le chat"
"%1 %2 deleted chat message %3","%1 %2 Deleted le chat message  %3"
"%1 %2 added tracking number %3 %4","%1 %2 numéro de suivi a ajouté %3 %4"
"%1 %2 deleted tracking number %3 %4","%1 %2 supprimé le numéro de suivi %3 %4"
"%1 %2 attached shipping label","%1 %2 ci-jointe étiquette d'expédition"
"%1 %2 deleted shipping label","%1 %2 Deleted étiquette d'expédition"
"Customer closed RMA","Client RMA fermé"
"Status changed from %1 to %2.","A changé son statut de %1 à %2."
"Manager changed from ""%1"" to ""%2"". ","Le gestionnaire a modifié de ""%1"" à ""%2""."
"Note changed from ""%1"" to ""%2""","Note changée de ""%1"" à ""%2"""
"Item ""%1 %2"" changed:","Article ""%1 %2"" a changé:"
"- state from ""%1"" to ""%2""","- état de ""%1"" à ""2%"""
"- qty from ""%1"" to ""%2""","- qté de ""%1"" à ""2%"""
"- reason from ""%1"" to ""%2""","- raison de ""%1"" à "" %2"""
"- condition from ""%1"" to ""%2""","- état de ""%1"" à ""2%"""
"- resolution from ""%1"" to ""%2""","- résolution de ""%1"" à ""2%"""
"Item ""%1 %2"" splited.
- state: %3
- qty: %4
- reason: %5
- condition: %6
- resolution: %7",
"Article ""%1 %2"" séparés.
- état: %3"
- qté: %4"
- raison: %5"
- état: %6"
- resolution: %7"
"System","Système"
"Manager","Directeur"
"Customer","Client"
"status","statut"
"manager","directeur"
"note","Remarque"
"item-changed","élément-modifié"
"splited","DIVISEES"
"Unable to save new rma event. Error: %1","Impossible d'enregistrer un nouvel événement rma. Erreur: %1"
"""Rma Event with specified ID ""%1"" not found."","Rma événement avec ID spécifié «  %1 » introuvable."
"Please choose","Choisissez s'il vous plaît"
"Rma Created","rma Créé"
"Tracking Number Added","Numéro de suivi Ajouté"
"Tracking Number Deleted","Numéro de suivi supprimé"
"New Message","Nouveau message"
"Deleted Message","message supprimé"
"Customer Closed Rma","Fermé client Rma"
"Status Automatically Changed","Statut automatiquement Changé"
"Manager Saved Rma","Gestionnaire Enregistré Rma"
"Manager Added Shipping Label","Gestionnaire Ajouté Étiquette d'expédition"
"Manager Deleted Shipping Label","Gestionnaire supprimé Étiquette d'expédition"
"System Changed Status","Système évolution du statut"
"System Changed Manager","System Manager Changed"
"Pending","En attente"
"Authorized","Autorisé"
"Received","Reçu"
"Resolved","Résolu"
"Rejected","Rejeté"
"Unassigned","Non attribué"
"Store Owner","Propriétaire du magasin"
"Do not show","Ne montre pas"
"Processing","Traitement"
"Approved","Approuvé"
"Delivered","Livré"
"Completed","Complété"
"Canceled","Annulé"
"Enabled","Activée"
"Disabled","Désactivée"
"""Reason with specified ID ""%1"" not found."","Motif avec ID spécifié «  %1 » non trouvé."
"Unable to save reason with ID %1. Error: %2","Impossible d'enregistrer la raison avec ID %1. Erreur: %2"
"Unable to remove reason with ID %1. Error: %2","Impossible de supprimer la raison avec ID %1. Erreur: %2"
"Unable to remove reason. Error: %1","Impossible de supprimer la raison. Erreur: %1"
"Wrong Order.","Mauvais ordre."
"Wrong Customer Id","Mauvais numéro client"
"Request doesn't exsists","Demande ne exsists"
"Customer group with specified ID %1 not found.","Groupe clients avec ID spécifié %1 non trouvé."
"Product","Produit"
"Return Reason","Raison retour"
"Item Condition","Etat de l'objet"
"Resolution","Résolution"
"Who Pays for Shipping","Qui paie pour l'expédition"
"Shipped QTY","Expédié QTÉ"
"Refunded QTY","remboursé QTÉ"
"Return QTY","retour QTÉ"
"Custom Fields","Les champs personnalisés"
"RMA Details","Détails RMA"
"Reject","Rejeter"
"Action","action"
"Detailed Reports","Rapports détaillés"
"Analyze the RMA effectiveness with","Analyser l'efficacité de RMA"
"Automation Rules","Règles d'automatisation"
"Speed up the processing of RMA requests with","Accélérer le traitement des demandes RMA"
"Shipping Labels for RMA","Étiquettes d'expédition pour RMA"
"Minimize time spent on shipping labels creation with","Réduire au minimum le temps passé sur des étiquettes d'expédition avec la création"
"""Request with specified ID ""%1"" not found."","Demande d'ID spécifiée «  %1 » non trouvé."
"Unable to save request with ID %1. Error: %2","Impossible d'enregistrer la demande avec l'ID %1. Erreur: %2"
"Unable to save new request. Error: %1","Impossible d'enregistrer une nouvelle demande. Erreur: %1"
"Unable to remove request with ID %1. Error: %2","Impossible de supprimer la demande avec l'ID %1. Erreur: %2"
"Unable to remove request. Error: %1","Impossible de supprimer la demande. Erreur: %1"
"""Resolution with specified ID ""%1"" not found."","Résolution avec ID spécifiée «  %1 » non trouvé."
"Unable to save resolution with ID %1. Error: %2","Impossible d'enregistrer la résolution avec ID %1. Erreur: %2"
"Unable to save new resolution. Error: %1","Impossible d'enregistrer une nouvelle résolution. Erreur: %1"
"Unable to remove resolution with ID %1. Error: %2","Impossible de supprimer la résolution avec ID %1. Erreur: %2"
"Unable to remove resolution. Error: %1","Impossible de supprimer la résolution. Erreur: %1"
"Sale attributes","attributs de vente"
"Was on sale (Special price / catalog rule)","Était en vente (prix spécial / règle du catalogue)""
"""Enter ""0"" or leave empty to disable this type of resolution."","Entrez « 0 » ou laisser vide pour désactiver ce type de résolution."
"Unable to save rule with ID %1. Error: %2","Impossible d'enregistrer la règle avec ID %1. Erreur: %2"
"Unable to save new rule. Error: %1","Impossible d'enregistrer la nouvelle règle. Erreur: %1"
"""Rule with specified ID ""%1"" not found."","Règle avec ID spécifié «  %1 » non trouvé."
"Unable to remove rule with ID %1. Error: %2","Impossible de supprimer la règle avec ID %1. Erreur: %2"
"All Store Views","Tous les affichages en magasin"
"Text for 'Returns: how it works'","Texte pour « Retours: comment cela fonctionne »"
"Send Email to Customer","Envoyer un message au client"
"The notification will be send to the customer when status value changes to the current one.","La notification sera envoyé au client lorsque la valeur d'état change à l'actuel."
"Customer Email Template","Modèle Email Client"
"Customer Email Custom Text","Email Client Texte personnalisé"
"Send Email to Admin","Envoyer Envoyer à l'administrateur"
"The notification will be send to the admin when status value changes to the current one.","La notification sera envoyé à l'administrateur lorsque la valeur d'état change à l'actuel."
"Admin Email Template","Modèle Email Admin"
"Admin Email Custom Text","Admin Email Texte personnalisé"
"Send Text to Chat","Envoyer un message texte à chat"
"The notification will be send to the chat when status value changes to the current one.","La notification sera envoyé à la conversation lorsque la valeur d'état change à l'actuel."
"Chat Text","chat textuel"
"Customer Added New Comment","Ajouté Client nouveau Commentaire"
"Customer Added Tracking Number","Ajouté client Numéro de suivi"
"Customer Canceled RMA","Annulée client RMA"
"Customer Rated RMA","Client Noté RMA"
"""Status with specified ID ""%1"" not found."","Statut avec ID spécifié «  %1 » non trouvé."
"There is no initial status.","Il n'y a pas de statut initial."
"Initial status can't be disabled.","état initial ne peut pas être désactivé."
"""Can't disable status because it is the only status of state ""%1""."","Ne peut pas désactiver le statut car il est le seul état de l'état «  %1 »."
"Unable to save status with ID %1. Error: %2","Impossible d'enregistrer l'état avec ID %1. Erreur: %2"
"Unable to save new status. Error: %1","Impossible d'enregistrer le nouveau statut. Erreur: %1"
"Unable to remove status with ID %1. Error: %2","Impossible de supprimer le statut avec ID %1. Erreur: %2"
"Unable to remove status. Error: %1","Impossible de supprimer le statut. Erreur: %1"
"Can't delete initial status.","Impossible de supprimer le statut initial."
"Can't delete status because it is the only status of state "%1".","Ne peut pas l'état de suppression, car il est le seul état de l'état  %1."
"Unknown","Inconnu"
""%1 period"," %1 période"
""%1 days","%1 jour"
"Item Returns","Retours d'article"
"""Sorry"," the item can't be returned"","L'article ne peut pas être retourné"
"This item can be returned","Cet article peut être retourné"
"Back to Return","Retour à Retour"
"Create Return","Créer Retour"
"File can not be saved to the destination folder.","Le fichier ne peut être enregistré dans le dossier de destination."
"Returns","Retour"
"Items","Articles"
"Qty","Quantité"
"Id","Identifiant"
"Date","Date"
"Order #","Ordre #"
"Status","Statut"
"Item","Article"
"View","Télécharger"
"You have placed no return request.","Vous avez placé aucune demande de retour."
"Customer name","Nom du client"
"Customer Address","Adresse du client"
"Choose Items","Choisissez les articles"
"Details","Détails"
"Return Qty","Quantité retournée"
"Return Resolution","Raison du retour"
"This product wasn't shipped.","Ce produit n'a pas été livré."
"This product is already refunded.","Ce produit est déjà remboursé."
" If you have questions, please contact the store administrator:"," Si vous avez des questions, merci de contacter l'administrateur:""
"Rma request for this product is already created. Existing Return(s):","Demande de retour pour ce produit déjà existante. Référence(s):"
"The return for this product can't be processed.","Le retour de ce produit ne peut pas être traité."
"The return period expired.","La période de retour a expiré."
"This product cannot be returned.","Ce produit ne peut pas être retourné."
"This product was on sale.","Ce produit était en vente."
"Please do not forget to take a picture of the goods from all sides. Request without such photos may not be approved","Vous pouvez également nous joindre une ou plusieurs photos."
"Please, describe the issue in details.","S'il vous plaît, décrire le problème dans les détails."
"Attach File","Pièce jointe"
"I have read and accept the %1Return Policy%2","J'ai lu et accepté la %1poltique de retour%2"
"Submit Request","Envoyer la demande"
"Cancel","Annuler"
"Message","Laissez un message"
"Please Select Reason for","S'il vous plaît Sélectionnez Motif de"
"Please Select Condition for","S'il vous plaît Sélectionnez Condition pour"
"Please Select Resolution for","S'il vous plaît sélectionner la résolution de"
"Please Select Qty for","S'il vous plaît Sélectionnez Qté pour"
"Please accept the Return Policy","S'il vous plaît accepter la Politique de retour"
"You are supposed to cover shipping costs","Vous êtes censé couvrir les frais d'expédition"
"Store is supposed to cover shipping costs","Le vendeur est censé couvrir les frais d'expédition"
"There are no items to return.","Il n'y a pas d'articles à retourner."
"Create new return request","Créer une nouvelle requête de retour"
"Return","Retour"
"Other Order Return","Autre ordre Retour"
"Logout","Se déconnecter"
"Cancel RMA","Annuler RMA"
"Thank you for your feedback.","Merci pour votre avis."
"How do you rate the work of a manager?","Comment évaluez-vous le travail d'un manager?"
""%1 star"," %1 étoile"
"You can also leave a comment.","Vous pouvez également laisser un commentaire."
"Send","Envoyer"
"Order ID:","Numéro de commande:"
"Order Id","Numéro de commande"
"Customer name:","Nom du client:"
"Created At:","Créé à:"
"Returns: how it works","Retour: comment cela fonctionne"
"Product Details","Détails du produit"
"Return Details","Retour Détails"
"Item Status","Disponibilité de l'article"
"Items Conditions","Conditions d'articles"
"You should pay for Shipping.","Vous devez payer pour l'expédition."
"Store pays for Shipping.","Magasin paie pour l'expédition."
"Chat","Discuter"
"Extra Fields:","Champs supplémentaires:"
"Reason","Raison"
"Condition","État"
"Customer Name:","Nom du client:"
"Customer E-mail:","Email client:"
"Status:","Statut:"
"Requested Items:","Articles demandés:"
"Rma for order","Demande retour pour la commande"
"has changed status","a changé de statut"
"Current status:","Statut actuel:"
"Note:","Noter:"
"Delete image","Supprimer l'image"
"Changes have been made to this section that have not been saved.","Des modifications ont été apportées à cette section qui ne sont pas sauvés."
"This tab contains invalid data. Please resolve this before saving.","Cet onglet contient des données non valides. Merci de corriger avant d'enregistrer."
"Name:","Nom:"
"Group:","Groupe:"
"Address","Adresse"
"Customer Information","Informations client"
"Order:","Commande:"
"Purchased From:","Acheté le:"
"Customer’s Direct Link","Lien direct du client"
"Copy Link","Copier le lien"
"Choose a file for upload shipping label","Choisissez un fichier pour l'étiquette d'expédition"
"Click here or drag and drop to add files.","Cliquez ici ou glisser-déposer pour ajouter des fichiers."
"Click here","Cliquez ici"
"Who changed","Qui a changé"
"Comment:","Commenter:"
"No comment","Aucun commentaire"
"Total Requests","Total des demandes"
"Processed by admins","Traités par les admins"
"Top Return Reasons","Les principales raisons de retour"
"Return Reason:","Retour Raison:"
"Items Conditions:","Conditions d'articles:"
"Resolution:","Résolution:"
"Edit","Éditer"
"Apply","Appliquer"
"This product is already returned. Existing Return(s):","Ce produit est déjà retourné. Référence(s):"
"Split","Diviser"
"Quick reply","Réponse rapide"
"Start of conversation with customer","Début de la conversation avec le client"
"Start of conversation with manager","Début de la conversation avec le gestionnaire"
"Tracking Information","Information de suivi"
"Carrier","Transporteur"
"Tracking Number","Numéro de suivi"
"Dear","Chèr(e)"
"RMA Request","Demande retour client"
"has been created","a été créé(e)"
"RMA ID:","ID RMA:"
"items to return","Articles à retourner"
"status of your","état de votre"
"has been changed","a été modifié"
"Customer is supposed to cover shipping costs","Le client est censé couvrir les frais d'expédition"
"Not set","Pas encore défini"
"Condition/Reason/Resolution are required fields.","Condition / Motif / résolution sont obligatoires."
"Return Qty more than Available Qty for %1","Retour Qté plus disponible Qté %1"
"The Amount of Return Qty less than Initial for %1. The Initial Qty is %2","Qté retournée inférieure à l'initial de 1%. La qté initiale est 2%"
"Are you sure you want to delete the message?","Etes-vous sûr de vouloir supprimer ce message?"
"Message or Message Files are empty.","Message ou fichiers vides."
"Carrier wasn't selected or tracking number wasn't filled.","Le transporteur n'a pas été sélectionné ou le numéro de suivi n'a pas été rempli."
"Delete Requests","Supprimer les demandes"
"Delete Customers` Pending Requests","Supprimer les demandes clients en attente"
"Delete Archived Requests","Supprimer demandes archivées"
"General","Général"
"Module Enabled","Module Enabled"
"URL Prefix","Prefixe d'url"
"Set route name. Example: {base_store_url}/{URL prefix}/request/view.","Définir la route. Exemple: {base_store_url}/{préfixe_URL}/demande/vue."
"Allow Guest RMA","Autoriser les invités RMA"
"Allow guests to submit return requests","Autoriser les invités à soumettre des demandes de retour"
"Allowed Order Statuses for RMA","Satuts de commandes autorisés pour retour client"
"Please, note that RMA request can not be created for orders without shipped item(s)","Aucune demande de retour ne peut être créée pour les commandes sans article expédié(s)"
"Display Return Information on Product Page","Affichage des informations Retour sur la page produit"
"Resolution periods (in days) will be displayed on product details pages in the ‘More Information’ tab.","Le temps de résolution (en jours) sera affiché sur les pages de détails du produit dans l'onglet « Plus d'informations »."
"Display Return Information on Shopping Cart Page","Affichage des informations Retour sur la page du panier"
"Resolution periods (in days) will be displayed for each product in the shopping cart.","Les périodes de résolution (en jours) seront affichées pour chaque produit dans le panier."
"Ask Customers to Leave Feedback","Demandez à vos clients de laisser des commentaires"
"If enabled customers will see the 'How do you rate the work of a manager' pop-up in the request after it changes its State to 'Completed'.
                        The feedback consists of the rating stars and text. The rating can be later seen and used in the filter on the 'Archived Requests' grid.
                        As well as it is used in the RMA Reports Add-on.",
"Si les clients verront le permis « Comment évaluez-vous le travail d'un manager » dans la demande pop-up après elle change de l'Etat à « Terminé ».
                       Les commentaires se compose des étoiles de notation et texte. La note peut être vu plus tard et utilisé dans le filtre sur la grille «Demandes archivées de.
                       En plus il est utilisé dans les rapports RMA Add-on."
"Max Message Attachment File Size (KB)","Max Message Fichier joint Taille du fichier (KB)""
"RMA Policy","Politique RMA"
"Enable Return Policy","Activer Politique de retour"
"Customer will be to accept the Return Policy before submitting a Return Request","Le client sera d'accepter la politique de retour avant de soumettre une demande de retour"
"Return Policy CMS Page","Politique de retour CMS page"
"Please, select the CMS page with your Return Policy text.","S'il vous plaît, sélectionnez la page CMS avec votre texte Politique de retour."
"Shipping","Expédition"
"Carriers","Les transporteurs"
"The following carriers will be available for a customer to be selected while attaching a Tracking Number to the RMA Request.","Les transporteurs suivants pourront être sélectionnés par le client lorsqu'il joindra un numéro de suivi à sa demande de RMA."
"RMA Creation Email Notifications","RMA Création des notifications par courriel"
"Notify Customer","Notifier le client"
"Email Sender","Expéditeur"
"Email Template","Modèle Email"
"Notify Customer About New Manager Messages If Status Didn't Change","Aviser le client des messages du nouveau gestionnaire si le statut n'a pas changé"
"Notify Admin","Notifier l'administrateur"
"Send Notification to","Envoyer une notification à"
"Please, put each new email address on a new line","S'il vous plaît, mettez chaque nouvelle adresse e-mail sur une nouvelle ligne"
"Administrator Contact Data","Contacter l'administrateur de données"
"Display Administrator Contact Data","Afficher les données de contact de l'administrateur"
"Administrator contacts will be displayed to customers while submitting a new RMA request in case an item couldn’t be returned according to the return rules.","contacts d'administrateur seront affichés aux clients tout en soumettant une nouvelle demande de retour dans le cas où un élément ne peut pas être retourné selon les règles de retour."
"Phone Number","Numéro de téléphone"
"Block Title","Titre du bloc"
"You can create custom text fields to let a customer fill them while submitting an RMA request. The ‘Block Title’ field is responsible for the name of the block with the custom text fields.","Vous pouvez créer des champs de texte personnalisés pour permettre à un client de les remplir lorsqu'il soumet une demande de RMA. Le champ "Titre du bloc" est responsable du nom du bloc contenant les champs de texte personnalisés."
"RMA Request Custom Fields","Demande de RMA Champs personnalisés"
"Chat Quick Replies","Réponses rapides messagerie"
"Enable Chat on the Frontend","Activer le chat sur le frontend"
"Quick Replies","Réponses rapides"
"Quick Replies are used by Admin in the chat. Add common reply templates and use them while processing request to increase your performance.","Les réponses rapides sont utilisées par l'administrateur dans le chat. Ajoutez des modèles de réponses rapides et utilisez-les lors du traitement des demandes pour améliorer vos performances."
"Amasty Download Shipping Label Button","Bouton de téléchargement d'étiquettes d'expédition"
"Add button to allow customer download shipping label at the RMA page.","Ajout d'un bouton permettant au client de télécharger l'étiquette d'expédition sur la page RMA."
"Button Label","Texte du bouton"
"Amasty Print Packing Slip Button","Bouton de bordereau d'expédition imprimé"
"Add button to allow customer print packing slip at the RMA page.","Ajout d'un bouton permettant au client d'imprimer le bordereau d'expédition sur la page RMA."
"Edit Item Condition","Modifier l'élément Condition"
"Save Item Condition","Enregistrer l'article Condition"
"Save and Continue Edit","Enregistrer et continuer Modifier"
"Title","Titre"
"Position","Positionner"
"Item Conditions will be displayed to the Customer on the frontend in the order according to their positions.","Les conditions des articles seront affichées au client sur le frontend dans l'ordre de leurs positions."
"Store Labels","Nom des magasins"
"Add New Condition","Ajouter une condition"
"Delete items","Supprimer les éléments"
"Are you sure you want to delete selected items?","Etes-vous sûr de vouloir supprimer les éléments sélectionnés?"
"Edit Item Reason","Modifier la raison"
"Save Reason","Enregistrer la raison"
"Reasons will be displayed to Customer on the frontend in the order according to their positions.","Les raisons seront affichées au client sur le frontend dans l'ordre de leur position."
"Having submitted a new RMA request, customers will see a message about who is supposed to pay for the item shipping.","Après avoir soumis une nouvelle demande de retour, les clients verront un message au sujet de qui est censé payer pour l'expédition de l'article."
"Add New Reason","Ajouter une nouvelle raison"
"Who Pays For Shipping","Qui paie por l'expédition"
"Are you sure you want to delete selected Requests?","Etes-vous sûr de vouloir supprimer les demandes sélectionnées?"
"Store","Magasin"
"Request Date","Date de la demande"
"Lead Time (Days)","Délai (Jours)""
"Customer Name","Nom du client"
"Rating","Notation"
"Submit","Soumettre"
"Items to Return","Articles à retour"
"RMA Manager","RMA Directeur"
"Internal RMA Note","Remarque RMA interne"
"RMA Status","Statut RMA"
"Save","Sauvegarder"
"Shipping Label","Étiquette d'expédition"
"Request Log","demande Log"
"State","État"
"Edit Item Resolution","Modifier l'élément Résolution"
"Save Resolution","Enregistrer la résolution"
"Resolutions will be displayed to customers according to their positions.","Les résolutions seront affichées aux clients en fonction de leurs positions."
"Add New Resolution","Ajouter nouvelle résolution"
"Save Return Rule","Enregistrer Retour Règle"
"General Settings","réglages généraux"
"Return Rule Name","Nom de la règle de retour"
"Priority","Priorité"
"Websites","Sites Internet"
"Leave empty to apply rule to all websites.","Laisser vide pour appliquer la règle à tous les sites."
"Customer Groups","Groupes de clients"
"Leave empty to apply rule to all customer groups.","Laisser vide pour appliquer la règle à tous les groupes de clients."
"Resolutions Period","résolutions Période"
"Default Resolution Period (days)","Résolution par défaut Période (jours)""
"The default resolution period is applied to all resolutions inside the rule. Unless the Admin sets the values for each resolution individually.","La période de résolution par défaut est appliquée à toutes les résolutions à l'intérieur de la règle. À moins que l'administrateur définit les valeurs pour chaque résolution individuellement."
"Add New Rule","Ajouter une nouvelle règle"
"Delete rules","Supprimer les règles"
"Are you sure you want to delete selected rules?","Etes-vous sûr de vouloir supprimer les règles sélectionnées?"
"Rule Name","Nom de la règle"
"Save Status","Enregistrer le statut"
"Request State","État de la requete"
"Every RMA request usually passes 4 basic statuses:"
        1) Processing - a request is processed by an admin. 2) Approved - an admin approves that a customer is allowed to send the item back to the store. 3) Delivered - an admin receives the package and checks if everything is OK. 4) Completed - an admin resolves the request. Now it is considered to be closed. We display the current status of the request to the customer on the progress bar of the request page. Please assign the Request State to the Status. An appropriate Request State will be displayed on the progress bar on the frontend when the Status is set for the request.",
"Chaque demande de retour passe généralement 4 statuts de base:
         1) Traitement - une requête est générée par un administrateur. 2) Approuvé - un administrateur approuve qu'un client est autorisé à envoyer à l'arrière de l'article au magasin. 3) Livré - un administrateur reçoit le paquet et vérifie si tout est OK. 4) Complété - un administrateur résout la demande. Maintenant, il est considéré comme fermé. Nous affichons l'état actuel de la demande au client sur la barre de progression de la page de demande. S'il vous plaît assigner l'État demande au statut. Un État de demande appropriée sera affichée sur la barre de progression sur le frontend lorsque le statut est défini pour la demande."
"Is Initial Status","Est-ce statut initial"
Initial Status is a status for a newly created RMA request. Please mind, that there can be only one initial status.","Statut initial est un statut pour une demande de RMA nouvellement créée. l'esprit s'il vous plaît, qu'il ne peut y avoir qu'un seul état initial."
"Automatically Set Status on Event","Définir automatiquement le statut sur l'événement"
"Choose event to set this status automatically.","Choisissez l'événement pour définir ce statut automatiquement."
"Please choose...","Choisissez s'il vous plaît..."
"When a customer performs the selected action in his RMA request, the status of the request is automatically updated to the current one.","Lorsqu'un client exécute l'action sélectionnée dans sa demande de retour, l'état de la demande est automatiquement mis à jour l'actuel."
"Move Request to Grid","Demande de déplacement sur la grille"
"When a request switches to the current status, it is moved to the grid selected in this option. Thus, an admin can create a comfortable for him workspace by removing all unnecessary requests from the particular grid or placing requests that need admin actions to the separate ‘Manage Requests’ grid.","Lorsqu'une requête passe à l'état actuel, il est déplacé vers la grille sélectionnée dans cette option. Ainsi, un administrateur peut créer un espace de travail confortable pour lui en supprimant toutes les demandes inutiles de la grille particulière ou de placer des demandes que les actions besoin d'administration au séparé «Gérer les demandes de la grille."
"Label Color","Couleur Label"
"Click the field to choose color.","Cliquez sur le champ pour choisir la couleur."
"Add New Status","Ajouter un nouveau statut"
"Admin Grid","admin Grille"
"Our Bank Details","Nos coordonnées bancaires"
"Relais pickup:","Point relais :"
"Update postcode","Changer mon code postal"
"Please select one of the %1 Pickup Points affich&eacute;s below to which the parcel will be delivered.","Veuillez choisir parmi les %1 relais Pickup affich&eacute;s ci-dessous celui qui servira d'adresse de livraison."
"The nearest pick-up points","Les points relais les plus proches"
"More Information","Caractéristiques"
"Details","Description"
"Manufacturers support","SAV fabricants"
"Inc recycling","Recyclage encres"
"Our experts","Nos experts"
"Delivery","Livraison"
"Funding","Financement"
"Who is this customer","Qui est ce client?"
"Check on Google","Vérifier sur Google"
"information not available","information indisponible"
"Fund from","A partir de"
"This product can be funded *","Ce produit est éligible au financement *"
"Your simulation","Votre simulation"
"Total cost","Coût Total"
"Reserved to professionals only","Offre de financement réservée aux entreprises"
"Simulate your funding period","Simulez votre financement"
"Excl. VAT per month","HT par mois"
"month","mois"
"Your printer model:","Votre modèle d’imprimante : "
"Describe your issue:","Description du problème : "
"There are no source items with the in stock status","Produit en rupture sur tous nos stocks"
"It is not possible to edit items quantity of the approved Quote.","Impossible d'éditer les quantité sur un devis accepté."
"It is not possible to edit items qty of the approved Quote.","Impossible d'éditer les quantité sur un devis accepté."
"%1 was updated in your quote cart.","%1 a été mis à jour dans votre devis."
"Expiry Date","Date d'expiration"
"Create New Quote","Nouveau devis"
"Quote Number","Numéro de devis"
"Quote Status","Statut devis"
"Quote Date","Date devis"
"Quote Expiry Date","Date d'expiration devis"
"Has Shipping Info","Informations de livraison"
"Remarks for this Quote","Remarques sur le devis"
"Created From: %1","Créé depuis: %1"
"QUOTE VIEW","DETAIL DEVIS"
""Download PDF","Télécharger PDF"
"Quote Price","Prix devis"
"Quote History","Historique Devis"
"Submit Quote","Enregistrer le devis"
"Configure Shipping","Configurer livraison"
"Quote Currency:","Devise devis:"
"Edit Quote #%1","Edition devis #%1"
"Privacy Settings","Paramètres de confidentialité"
"Delete Consent","Supprimer consentement"
"Personal Data","Données personnelles"
"Privacy Settings","Paramètres de confidentialité"
"Delete Consent","Supprimer le consentement"
"Personal Data","Données personnelles"
"Are you sure you want to anonymise personal data?","Etes-vous sur que vous souhaitez anonymiser les données personnelles?"
Download,Télécharger
Delete,Supprimer
"Are you sure you want to delete personal data? (Personal data in previously created orders, invoices, shipments and credit memos will be anonymised then.)","Etes-vous sur de vouloir supprimer les données personnelles (toutes les infos personnelles concernant les commandes, livraison, factures, expédition seront anonymiser) ?"
Clone,Dupliquer
"Save and Continue Edit","Sauvegarder et continuer à éditer"
Save,Enregistrer
Send,Envoyer
"Policies text","Policies text"
"Here you can download a copy of your personal data which we store for your order in CSV format.","Cliquez ici pour télécharger au format csv les données que nous enregistrons pour votre commande."
"Here you can download a copy of your personal data which we store for your account in CSV format.","Cliquez ici pour télécharger au format csv les données que nous enregistrons pour votre compte"
"Download personal data","Télécharger les données personnelles"
"Anonymise personal data","Anonymiser les données personnelles"
"Anonymising your personal data means that it will be replaced
                        with non-personal anonymous information and before that you will get your
                        new login to your e-mail address (your password will stay the same). After this process,
                        your e-mail address and all other personal data will be removed from the website.","Anonymiser vos données personelles signifie qu'elles serton remplacées par des données anonyme non personnelles. Avant ce process, vou srecevrez votre nouveau login pour votre adresse email (le mot de passe ne changera pas).
Suite à quoi votre adresse email et toutes les autres informations personnelles seront éffacées de notre site internet."
"I agree and I want to proceed","J'accepte les conditions et je veux procéder"
Proceed,Procéder
"Delete account","Supprimer le compte"
"Request to remove your account, together with all your personal data,
                         will be processed by our staff.<br>Deleting your account will remove all the purchase
                         history, discounts, orders, invoices and all other information that might be related to your
                         account or your purchases.<br>All your orders and similar information will be
                         lost.<br>You will not be able to restore access to your account after
                         we approve your removal request.","La suppression de votre compte et de l'ensemble de vos données personnelles sera effectuée par un membre de notre équipe. <br>
Supprimer votre compte implique la suppression de toutes les données qui concerne l'historique de vos achats, ceci inclue les factures, suivie de livraison, commandes. Toutes les informations relatives à vos commandes seront perdues. Vous ne pourrez plus acceder à vos factures après cette opération."
"I understand and I want to delete my account","Je comprend et souhaite supprimer mon compte"
"Submit request","Soumettre la requête"
"Given Consent","Donner le consentement"
"Here you can opt in or opt out from consents that were previously given.","Ici vous pouvez mettre à jour les précédents consentements."
"Action Log","Action Log"
"Action logs was successfully removed.","Action logs a bien été supprimé."
"Consent Log","Consent Log"
"Consent logs was successfully removed.","Consent logs a bien été supprimé."
"Customers Consents Email Queue","Customers Consents Email Queue"
"You have successfully deleted the consent","Vous avez supprimé le consentement avec succés"
"We can't delete item right now. Please review the log and try again.","Nous ne pouvez pas effectué la suppression, merci de vérifier le fichier de log et de ré-essayé plus tard."
"Edit Consent","Editer le Consentement"
"This consent no longer exists...","Ce consentement n'existe plus..."
"New Consent","Nouveau Consentement"
"Consent Checkboxes","Consentement Checkboxes"
"An error has occurred","Erreure"
"You saved the consent.","Vous avez enregistré le consentement."
"Consent with code %1 already exists.","Le consentement avec le code %1 est déjà existant."
"Cookie Policy Consents","Politque de cookies des consentements"
"Personal data cannot be anonymised right now, because the customer has non-completed order(s): %1","Les données personnelles ne peuvent pas être anonymisées pour le moment en raison d'une commande en cours : %1"
"Personal data cannot be anonymised right now, because the customer has active Gift Registry.","Personal data cannot be anonymised right now, because the customer has active Gift Registry."
"An error has occurred: %1","Erreure: %1"
"Personal data cannot be deleted right now, because the customer has non-completed order(s): %1","Les données personnelles ne peuvent pas être supprimées pour le moment en raison d'une commande en cours : %1"
"Personal data cannot be deleted right now, because the customer has active Gift Registry.","Personal data cannot be deleted right now, because the customer has active Gift Registry."
"This policy no longer exists.","Cette politique n'existe plus."
"You deleted the policy.","Vous avez supprimez la politique."
"New Privacy Policy","Nouvelle politique de confidentialité"
"Edit Privacy Policy %1","Editer la politique de confidentialité %1"
"Privacy Policy","politique de confidentialité"
"Please correct the data sent.","Merci de corriger les données envoyées."
"Something went wrong while saving the question.","Une erreure s'est produite lors de l'enregistrement de la question."
"%1 policies(s) has been successfully deleted","%1 politique à bien été supprimé"
"Privacy policy with the same version already exists.","Une politique de confidentialité avec le même numéro de verion existe déjà."
"You saved the item.","Vous avez sauvegardé l'article."
"%1 customer(s) has been successfully deleted","%1 client à bien été supprimé"
"%1 customer(s) has not been successfully deleted, because they have non-completed order(s)","%1 client n'a pas été supprimé car il existe des commandes en cours"
"Delete Requests","Suppression des demandes"
"Deny Delete Requests","Impossibilité de supprimer les demandes"
"An error has occurred. Please check logs for more details","Une erreure est apparue, merci de vérifier les fichiers logs pour plus de détails"
"%1 email(s) has been sent","%1 email(s) a bien été envoyé"
"Customers With Consent","Client avec consentement"
"Customers were successfully added to email queue","Les clients ont bien été ajouté à la file d'attente des emails"
"Customers Without Consent","Clients sans consentement"
"Invalid Form Key. Please refresh the page.","Clé de formulaire invalide, veuillez rafraichir la page."
"Access denied.","Accès refusé."
"Wrong Password. Please recheck it.","Mauvais mot de passe, merci de procéder à une vérification."
"Your delete account request is awaiting for the review by the administrator.","Votre demande de suppression de compte est en cours de vérification par un administrateur."
"We can not process your account deletion request right now, because you have active Gift Registry.","We can not process your account deletion request right now, because you have active Gift Registry."
"Thank you, your account delete request was recorded.","Merci, votre demande de suppression de compte à été enregistrée"
"Something went wrong.","Une erreure s'est produite."
"We can not anonymize your account right now, because you have non-completed order(s):%1","Nous ne pouvons pas anonymiser votre compte pour le moment, en raison de commande en cours :%1"
"We can not anonymize your account right now, because you have active Gift Registry","We can not anonymize your account right now, because you have active Gift Registry"
"We can not anonymize order","Nous ne pouvons pas anonymiser votre commande"
"Anonymisation was successful","L'anonymisation à été réussie"
"Thank you for your cooperation. Your consent was recorded.","Merci pour votre coopération, votre consentement à été enregistré."
"Changes has been saved.","Les modifications ont été sauvegardées."
"Invalid Policy version.","Version de politqieu invalide."
"Invalid Policy action.","Action de politique invalide."
"Privacy policy accepted.","Politique de confidentialité acceptée."
"Unable to save actionLog with ID %1. Error: %2","Impossible de sauvegarder le LogAction avec l'identifiant %1. Erreure: %2"
"Unable to save new actionLog. Error: %1",Impossible de sauvegarder LogAction Erreure %1"
"ActionLog with specified ID ""%1"" not found.","ActionLog avec l' ID ""%1"" est introuvable."
"Unable to remove actionLog with ID %1. Error: %2","Impossible de supprimer l'actionlog ID %1. Erreur: %2"
"Unable to remove actionLog. Error: %1","Impossible de supprimer l'actionlog Erreure %1"
"Delete Request Submitted","Demande de suppression Soumisse"
"Delete Request Approved","Demande de suppression Approuvé"
"Delete Request Denied","Demande de suppression  Refusée"
"Data Anonymised by Customer","Données anonymisé par le client"
"Data Anonymised by Admin","Données anonymisé par Admin"
"Personal Data Deleted by Admin","Donnée personnelles effacées par  Admin"
"Automatic Delete","Suppression automatique"
"Customer's Request","Demandes clients"
Pending,Traitement
Success,Succès
Fail,Erreur
Allow,Autorisé
"Don't Allow for Statuses","N'autorise pas pour les statuts"
"Don't Delete","Ne pas effacer"
"Yes (Recommended)","Oui (Recommandé)"
No,Non
"Consent with specified ID ""%1"" not found.","Le consentement avec l'identifiant  ""%1"" est introuvable."
"Consent with consent code %1 not found","Le consentement avec le code de consentement %1 est introuvable "
"Unable to remove model without id","Impossible de retirer le modèle sans identifiant"
"Unable to remove consent, message is %1","Impossible de retirer le consentement, message est %1"
"Unable to save consent with ID %1. Error: %2","Impossible de sauvegarder le consentement avec l'id  %1. Erreure: %2"
"Unable to save new consent. Error: %1","Impossible de sauvegarder le nouveau consentement. Erreure : %1"
"Data consistency is broken.
                    There is no entity by default store for a consent with ID %1","La consistence des données est cassée. Il n'existe pas d'entity par defaut pour le consentement avec l'ID %1"
"Unable to save deleteRequest with ID %1. Error: %2","Impossible de sauvegarder la demande avec ID %1. Ereure: %2"
"Unable to save new deleteRequest. Error: %1","Impossible de sauvegarder la demande. Ereure  %1"
"DeleteRequest with specified ID ""%1"" not found.","La demande de suppression avec l'ID ""%1"" est introuvable."
"Unable to remove deleteRequest with ID %1. Error: %2","Impossible de retirer la demande de suppression %1. Erreur: %2"
"Unable to remove deleteRequest. Error: %1","Impossible de retirer la demande de suppression. Erreur: %1"
"Invalid guest customer session","Invalide Cession client invité"
"Invalid order increment ID","Invalid incrementation de commande"
"Contact Us","Nous contacter"
"Optional Consent at Account Privacy Settings","Consentement optionel pour le compte de politique de confidentialité"
"Draft","Brouillon"
"Disabled","Inactif"
"Enabled","Actif"
"Policy is active","La politique de confidentialité est activée"
"Unable to save policy with ID %1. Error: %2","Impossible de sauvegarder la politique avec l'ID  %1. Erreur: %2"
"Unable to save new policy. Error: %1","Impossible de sauvegarder la politique. Erreur: %1"
"Policy with specified ID ""%1"" not found.","La politque avec l' ""%1"" est introuvable."
"Unable to remove policy with ID %1. Error: %2","Impossible de retirer la politique avec l'ID %1. Erreur: %2"
"Unable to remove policy. Error: %1","Impossible de retirer la politique. Error: %1"
"Unable to save consentQueue with ID %1. Error: %2","Impossible de sauvegarder la file d'attente de consentement ID %1. Erreur: %2"
"Unable to save new consentQueue. Error: %1","Impossible de sauvegarder la file d'attente de consentement. Erreur: %1"
"ConsentQueue with specified ID ""%1"" not found.","La file d'attente avec le consentement ""%1"" est introuvable."
"Unable to remove consentQueue with ID %1. Error: %2","Impossible de retirer le consentement ID %1 de la file d'attente. Erreurr: %2"
"Unable to remove consentQueue. Error: %1","Impossible de retirer le consentement de la file d'attente. Error: %1"
"Unable to save withConsent with ID %1. Error: %2","Impossible de sauvegarder withConsent avec ID %1. Error: %2"
"Unable to save new withConsent. Error: %1","Unable to save new withConsent. Error: %1"
"WithConsent with specified ID ""%1"" not found.","WithConsent avec l'identifiant  ""%1"" est introuvable."
"Unable to remove withConsent with ID %1. Error: %2","Impossible de retirer withConsent avec l'ID %1. Erreurr: %2"
"Unable to remove withConsent. Error: %1","Impossible de retirer withConsent. Erreur: %1"
"Guest","Invité"
"Checkbox Location Option Group has empty name","Option de case à cocher n'a pas de nom"
"Option Source with code %1 not implements OptionSourceInterface","La source option avec le code %1 n'est pas implémenté dans OptionSourceInterface"
"Privacy Policy Popup","Popup de Politique de Confidentialité"
"GDPR Privacy policy","GDPR Politique de Confidentialité"
"CMS Page","CMS Page"
"All Countries","Tous les pays"
"EEA Countries","Pays Europe"
"Specified Countries","Pays séléctionnés"
"Accept","Accepter"
"Decline","Decliner"
"Privacy Checkbox","Privacy Checkbox"
"You can see queue of sending e-mail consents <a target=""_blank"" href=""%1"">here</a>.","Vous pouvez voir la file d'attente d'email pour les consentements <a target=""_blank"" href=""%1"">ici</a>."
"Kindly be informed that Active or Disabled Privacy Policy cannot be amended. Please use the CLONE function to create a new Privacy Policy version and amend the text.","Soyez informé que les politiques de confidentialité en états actif ou inactif ne peuvent être modifiées. Utiliser la fonciton dupliquer pour créer une nouvelle politique."
"Current Password","Mot de passe actuel"
"Read Privacy Policy","Lire la politique de confidentialité"
"Read Cookie Policy","Lire la politique des cookies"
"Dear %customer_name","%customer_name"
"In response to your recent request, your account was anonymized. Please, notice that all changes couldn't be reverted.","En réponse à votre récente demande, votre compte à été anonymisé."
"To login please use the following anonymized e-mail address: %anonymous_email","Pour vous connectez, veuillez utiliser l'email anonyme ci-contre: %anonymous_email"
"Best regards","Cordialement"
"This email was sent to you because your account has been deleted due to your recent request. Please, notice that all changes couldn't be reverted.","Cet email vous est envoyé suite à votre demande de suppression de compte."
"Hello","Bonjour"
"You have received a new personal data deletion request from the customer - %customer_name","Vous avez reçu une nouvelle demande de suppression de données personnelles de la part de :  %customer_name"
"Please, visit the request deletion grid.","Merci de visiter la liste de demande de suppression."
"Hello %customer_name","Bonjour %customer_name"
"Your delete request was denied at this time due to the following reason: %comment","Voter demande de suppression à été refusée pour les raisons suivantes : %comment"
"I have read and accept","J'ai lu et j'accepte"
"Personal Data Protecti"on","Protection des données personnelles"
"General","Géneral"
"On the Frontend.","Sur le front Office."
"Display Privacy Policy Popup on First Visit","Affichez la Pop-up de la politique de confidentialité à la première visite"
"When a new customer opens the website, the privacy policy popup will be displayed. When a new version of
                        Privacy Policy is issued, the popup will be displayed to those users who have not accepted the policy yet.","Lorsqu'un nouveau client se connecte, la popup de la politique de confidentialité s'ouvre. Lorsqu'une mise à jour de la politique de confidentialité est réalisé, la popup s'affichera pour les utilisateurs qui n'ont pas encore accepté."
"Log Guest Consent","Fichier log des invités qui ont consentis"
"If enabled, guest users who give the consent will be logged and displayed in Consent Log.","Si activé, les invités qui ont donnés leur consentement seront loggé et affiché dans le log des consentements."
"Log Auto-Cleaning","Auto-nettoyage des logs"
"The records that were saved for a longer period than the specified below will be automatically removed from Consent and Action Logs.","Les enregistrements qui ont été sauvegaré depuis une période plus longue que celle spécifié ci-dessous, seront automatiquement retiré des logs de Consentements et d'action."
"Log Auto-Cleaning Period (Days)","Période d'auto-nettoyage des fichiers logs (Jours)"
"The records that were saved for a longer period than you specified in the field will be automatically removed from Consent and Action Logs.","Les enregistrements qui ont été sauvegaré depuis une période plus longue que celle spécifié dans le champs seront automatiquement retiré des logs de Consentements et d'action."
"Customer’s Account Privacy Settings","Parmétrage de la confienditalité du compte client"
"Allow Downloading Personal Data","Autoriser le téléhargment des données personnelles"
"If enabled, customers will be able to download their personal data.","Si activé, les clients pouront télécharger leur données personnelles."
"Allow Anonymizing Personal Data","Autoriser l'anonymisation des données personnelles"
"If enabled, customers will be able to anonymize their personal data.","Si activé, les clients pouront anonymiser leur données personnelles."
"Allow Deleting Account","Autoriser la suppression de compte"
"If enabled, customers will be able to delete their accounts.","Si activé, les clients pouront supprimer leur compte."
"Allow Opting Out from Given Consent","Autoriser l'option pour les consentements"
"Download Fields with Filled Values Only","Ne télécharger que les champs qui contiennent des informations"
"Personal Data Deletion and Anonymization","Supression et Anonymisation des données personnelles"
"Automatic Personal Data Deletion","Supression automatique des données personnelles"
"Delete Personal Data of Abandoned Customer’s Accounts","Supprimer les données personnelles des comptes clients abandonnés"
"Email Sender","Expéditeur de l'email"
"Email Reply To","Répondre à"
"Are you sure?","Etes-vous sur ?"
"Customer ID","ID Client"
"Customer Name","Nom du client"
"Comment","Commentaire"
"Policy Version","Version de la Politique de Confidentialité"
"Edit Checkbox","Edition"
"Back","Retour"
"Confirmation Required","Confirmation Requise"
"Name","Nom"
Enable,Activé
"Is Required","Requis"
"Edit","Editer"
"Policy","Politique"
"Add New Policy","Ajouter nouvelle politique"
"Delete policies","Supprimer une politique"
"Date Created","Date de création"
"Version Number","Version Numéro"
"Last Edited","Dernière révision"
"Last Edited By","Dernière Révision par"
"Date Submitted","Date de soumission"
"Customer Email","eMail client"
"Delivery is expected by %1","Livraison estimée %1"
""We'll send notifications about the quote to the inserted email address.
 Please kindly note that new account will be created automatically after quote submission.","Nous enverrons des notifications
  à propos de votre demande sur cette adresse. Un nouveau compte sera créé automatiquement après soumission."
"Graphic-reseau is making an update...we'll be back soon",'Graphic-reseau est en maintenance...Nous revenons très vite"
"You can contact us","Vous pouvez nous contacter"
"TVA check","Verification TVA"
"One or several Products can not be converted from shopping cart to quote.","Un ou plusieurs produits ne peuvent pas être ajouté(s) au devis"
"Your quote request from %store_name has been approved. You can check the status of your quote request and proceed to checkout by ","Votre demande de devis depuis %store_name a été approuvée. Vous pouvez finaliser la transaction en "
"logging into your account","vous connectant à votre espace"
"Hello %name,","Bonjour %name,"
"Email alert for approved quote requests","Alerte email, devis approuvé"
"Are you sure you would like to remove this item from the quote cart?","Etes vous sur de vouloir supprimer cet item?"
"Email alert for canceled quote requests","Alerte email, devis annulé"
"Your quote request from %store_name has been canceled.  You can check the status of your quote request by ","Votre demande de devis depuis %store_name a été annulée.  Vous pouveez le visualiser en "
"Unfortunately your quote has been declined. ","Votre demande de devis a été rejetée. "
"Email alert for modified quote requests","Alerte email, devis modifié"
"Your quote request from %store_name has been modified.  You can check the status of your quote request by  ","Votre demande de devis depuis %store_name a été modifiée.  Vous pouvez le visualiser en "
"Email alert for expired quote requests","Alerte email, devis expiré"
"Your quote request from %store_name has been expired. You can check the status of your quote request by ","Votre demande de devis depuis %store_name a été expirée. Vous pouvez le visualiser en "
"Quote request for %store_name has been created. You can check the status of your quote request and proceed to checkout by ","Demande de devis depuis %store_name a été créé. Vous pouvez le visualiser en "
"Thank you!","Merci!"
"Track All Shipments","Suivre les expéditions"
"VAT unknown","Numéro de TVA inconnu"
"Please, enter the certificate number if not detected automatically","Merci de saisir le code à vérifier si non détecté automatiquement"
"Email alert for submitted quote request","Alerte email demande de devis"
"Your Quote Request #%1","Votre devis #%1"
"Thank you for your quote request from %store_name.","Merci pour votre demande de devis %store_name."
"You can check the status of your quote request by <a href=""%view_url"">logging into your account</a>.","Vous pouvez suivre le status de votre demande en <a href=""%view_url"">vous connectant sur votre compte</a>."
"Email alert for new q"uote requests","Alerte email nouvelle demande de devis"
"This is an automatic notification about a new quote request(s) made. ","C'est une notification automatique. Nouvelle demande de devis."
"Quotes:","Demandes:"
"Your %store_name order has shipped","Votre commande sur %store_name a été expédiée"
"Thank you for your order from %store_name.","Merci pour votre commande chez %store_name."
"You can check the status of your order by <a href=""%account_url"">logging into your account</a>.","Vous pouvez vérifier l'état de votre commande en <a href=""%account_url""> vous connectant à votre compte</a>."
"If you have questions about your order, you can email us at <a href=""mailto:%store_email"">%store_email</a>.","Si vous avez des questions concernant votre commande, vous pouvez nous envoyer un email à <a href=""mailto:%store_email""> %store_email</a>."
"Your shipping confirmation is below. Thank you again for your business.","La confirmation de votre expédition se trouve ci-dessous. Merci encore pour votre commande."
"Shipped By","Livré par"
"Tracking Number","Numéro de suivi"
"Billing Info","Informations de facturation"
"Shipping Info","Informations d'expédition"
"Payment Method","Mode de paiement"
"Shipping Method","Mode de livraison"
"Means of payment:","Mode de paiement:"
"Shipping Methods","Modes & délais de livraison"
"Search Tips","Astuces de recherche"
"Double-check your spelling.","Vérifiez bien l'orthographe"
"Try using separate words.","Essayez d'utiliser les mots séparément"
"Try searching for an item that is less specific.","Essayez d'éffectuer une recherche moins spécifique"
"You can always narrow your search results later","Vous pourrez réduire les résultats de la recherche ensuite"
"Guest checkout is disabled.","Le passage de commande est désactivé pour les invités. Si vous avez été déconnecté, merci de vous connecter à nouveau."
"Sorry, guest checkout is not available.","Le passage de commande est désactivé pour les invités. Si vous avez été déconnecté, merci de vous connecter à nouveau."
